Raid,Boss,Stage/Section,Spell ID,Ability Name,Notes,TTS,TTS (On Me)
March on Quel'Danas,Belo'ren Child of Al'ar,Stage One: Phoenix Reborn,1241282,Embers of Del'ren,,,
March on Quel'Danas,Belo'ren Child of Al'ar,Stage One: Phoenix Reborn,1242981,Radiant Echoes,,,
March on Quel'Danas,Belo'ren Child of Al'ar,Stage One: Phoenix Reborn,1260763,Guardian's Edict,,,
March on Quel'Danas,Belo'ren Child of Al'ar,Stage One: Phoenix Reborn,1244344,Eternal Burns,,,
March on Quel'Danas,Belo'ren Child of Al'ar,Stage One: Phoenix Reborn,1242260,Infused Quills,,,
March on Quel'Danas,Belo'ren Child of Al'ar,Stage One: Phoenix Reborn,1246709,Death Drop,,,
March on Quel'Danas,Belo'ren Child of Al'ar,Stage Two: Ashen Shell,1241313,Rebirth,,,
March on Quel'Danas,Belo'ren Child of Al'ar,Stage Two: Ashen Shell,1242792,Incubation of Flames,,,
The Dreamrift,Chimaerus,Stage One: Insatiable Hunger,1262289,Alndust Upheaval,Soak,Group Soak,
The Dreamrift,Chimaerus,Stage One: Insatiable Hunger,1258610,Rift Emergence,Adds,Adds Spawn ing,
The Dreamrift,Chimaerus,Stage One: Insatiable Hunger,1264756,Rift Madness,Madness,Madness Swap,Going Up
The Dreamrift,Chimaerus,Stage One: Insatiable Hunger,1257087,Consuming Miasma,Dispels,"<prosody rate=""120%"" pitch=""+10%"">Dispels</prosody>",Clear Puddles
The Dreamrift,Chimaerus,Stage One: Insatiable Hunger,1246653,Caustic Phlegm,Raid Damage,Raid Damage,
The Dreamrift,Chimaerus,Stage One: Insatiable Hunger,1272726,Rending Tear,Frontal Cone,Dodge Frontal,
The Dreamrift,Chimaerus,Stage One: Insatiable Hunger,1245396,Consume,,Adds Must Die,
The Dreamrift,Chimaerus,Stage Two: To The Skies,1245486,Corrupted Devastation,Breath,Breath,
The Dreamrift,Chimaerus,Stage Two: To The Skies,1245406,Ravenous Dive,,Knockup,
The Dreamrift,Chimaerus,Stage Two: To The Skies,1246621,Caustic Phlegm,Raid Damage,Raid Damage,
The Dreamrift,Chimaerus,Stage Two: To The Skies,1257085,Consuming Miasma,Dispels,"<prosody rate=""120%"" pitch=""+10%"">Dispels</prosody>",Clear Puddles
The Voidspire,Crown of the Cosmos,Stage One: The Void's Spire,1233602,Silverstrike Arrow,,Arrows,
The Voidspire,Crown of the Cosmos,Stage One: The Void's Spire,1232467,Grasp of Emptiness,,,
The Voidspire,Crown of the Cosmos,Stage One: The Void's Spire,1255368,Void Expulsion,,Tank Swap,
The Voidspire,Crown of the Cosmos,Stage One: The Void's Spire,1233865,Null Corona,,,
The Voidspire,Crown of the Cosmos,Stage One: The Void's Spire,1233787,Dark Hand,Morium,,Knockback
The Voidspire,Crown of the Cosmos,Stage One: The Void's Spire,1243743,Interrupting Tremor,Demiar,"<break time=""3500ms""/>Stop Casting",
The Voidspire,Crown of the Cosmos,Stage One: The Void's Spire,1243753,Ravenous Abyss,Vorelus,Dodge,
The Voidspire,Crown of the Cosmos,Intermission: Crushing Singularity,1234569,Stellar Emission,,,
The Voidspire,Crown of the Cosmos,Intermission: Crushing Singularity,1243982,Silverstrike Barrage,,,
The Voidspire,Crown of the Cosmos,Intermission: Crushing Singularity,1235622,Singularity Eruption,,,Too close to boss
The Voidspire,Crown of the Cosmos,Stage Two: The Severed Rift,1238206,Volatile Fissure,,,
The Voidspire,Crown of the Cosmos,Stage Two: The Severed Rift,1237614,Ranger Captain's Mark,,"Arrow <break time=""250ms""/> Clear Shields and Stacks",
The Voidspire,Crown of the Cosmos,Stage Two: The Severed Rift,1237038,Voidstalker's Sting,,,
The Voidspire,Crown of the Cosmos,Stage Two: The Severed Rift,1237837,Call of the Void,,Adds Spawn ing,
The Voidspire,Crown of the Cosmos,Stage Two: The Severed Rift,1246918,Cosmic Barrier, ,"Shield on Shade <break time=""250ms""/> Focus Shade",
The Voidspire,Crown of the Cosmos,Stage Two: The Severed Rift,1246461,Rift Slash,,,
The Voidspire,Crown of the Cosmos,Intermission: Shattering Singularity,1245874,Orbiting Matter,,,
The Voidspire,Crown of the Cosmos,Stage Three: The End of the End,1238843,Devouring Cosmos,,Get ready to find feather and change platforms,
The Voidspire,Crown of the Cosmos,Stage Three: The End of the End,1239080,Aspect of the End,,Big Circles,
The Voidspire,Crown of the Cosmos,Stage Three: The End of the End,1238708,Dark Rush,,,
The Voidspire,Fallen-King Salhadaar,,1247738,Void Convergence,Orbs,Orbs Spawn ing,
The Voidspire,Fallen-King Salhadaar,,1246175,Entropic Unraveling,Full Energy,Move to Boss for Dance,
The Voidspire,Fallen-King Salhadaar,,1250803,Shattering Twilight,Spikes,Dodge Spikes,
The Voidspire,Fallen-King Salhadaar,,1254081,Fractured Projection,Kicks,Kick Adds,
The Voidspire,Fallen-King Salhadaar,,1248697,Despotic Command,Pools,,
The Voidspire,Fallen-King Salhadaar,,1250686,Twisting Obscurity,Raid Damage,,
The Voidspire,Imperator Averzian,,1251361,Shadow's Advance,Adds,Adds Spawn ing,
The Voidspire,Imperator Averzian,,1249262,Umbral Collapse,Soak,Group Soak on Add to Destroy,
The Voidspire,Imperator Averzian,,1280015,Void Marked,Marks,Marks,
The Voidspire,Imperator Averzian,,1260712,Oblivion's Wrath,Dodge,Dodge Spears,
The Voidspire,Imperator Averzian,,1258883,Void Fall,Knockback,Knockback and Dodge,
The Voidspire,Imperator Averzian,,1249251,Dark Upheaval,Raid Damage,,
The Voidspire,Lightblinded Vanguard,General Amias Bellamy,1246162,Aura of Devotion,,General Aura,
The Voidspire,Lightblinded Vanguard,War Chaplain Senn,1248451,Aura of Peace,,"War Aura <break time=""250ms""/> Do not attack into aura",
The Voidspire,Lightblinded Vanguard,Commander Venel Lightblood,1248449,Aura of Wrath,,Commander Aura,
The Voidspire,Lightblinded Vanguard,General Amias Bellamy,1246485,Avenger's Shield,,Spread,
The Voidspire,Lightblinded Vanguard,Commander Venel Lightblood,1246765,Divine Storm,,Dodge Tornados,
The Voidspire,Lightblinded Vanguard,General Amias Bellamy,1248644,Divine Toll,Dodge,Dodge Shields,
The Voidspire,Lightblinded Vanguard,Commander Venel Lightblood,1248983,Execution Sentence,,"Group Soaks <break time=""4000ms""/> Dodge hammers",
The Voidspire,Lightblinded Vanguard,General Amias Bellamy,1251857,Judgement (Blue),,"Tankbuster <break time=""150ms""/> Taunt General ",
The Voidspire,Lightblinded Vanguard,Commander Venel Lightblood,1246736,Judgement (Red),,"Tankbuster <break time=""150ms""/> Taunt Commander",
The Voidspire,Lightblinded Vanguard,War Chaplain Senn,1248674,Sacred Shield,Shield,Break Shield and Kick,
The Voidspire,Lightblinded Vanguard,Commander Venel Lightblood,1246749,Sacred Toll,Raid Damage,,
The Voidspire,Lightblinded Vanguard,War Chaplain Senn,1255738,Searing Radiance,,"Raid Damage <break time=""250ms""/> Watch Health",
The Voidspire,Lightblinded Vanguard,War Chaplain Senn,1248710,Tyr's Wrath,Heal Absorbs,Debuffs on closest players to aura,
The Voidspire,Lightblinded Vanguard,Mythic,1276243,Zealous Spirit,Mythic Only,,
The Voidspire,Vaelgor & Ezzorak,General,1249748,Midnight Flames,Raid Damage,,
The Voidspire,Vaelgor & Ezzorak,General,1280458,Grappling Maw,Tank,,
The Voidspire,Vaelgor & Ezzorak,Vaelgor,1262623,Nullbeam,,Nullbeam Frontal,
The Voidspire,Vaelgor & Ezzorak,Vaelgor,1244221,Dread Breath,Breath,Fear Frontal,Targeted by Fear Frontal
The Voidspire,Vaelgor & Ezzorak,Vaelgor,1265131,Vaelwing,Tank,Tankbuster,
The Voidspire,Vaelgor & Ezzorak,Ezzorak,1245391,Gloom,,Orb Soak,
The Voidspire,Vaelgor & Ezzorak,Ezzorak,1244917,Void Howl,Orbs,"spread <break time=""1750ms""/> kick add",
The Voidspire,Vaelgor & Ezzorak,Ezzorak,1245645,Rakfang,Tank,Tankbuster,
The Voidspire,Vorasius,,1256855,Void Breath,Breath,Dodge Breath,
The Voidspire,Vorasius,,1254199,Parasite Expulsion,Adds,Adds Spawn ing,
The Voidspire,Vorasius,,1241692,Shadowclaw Slam,Slams,"<break time=""5s""/>Dodge Rings<break time=""10s""/>Dodge Rings<break time=""10s""/>Dodge Rings<break time=""10s""/>Dodge Rings<break time=""10s""/>Dodge Rings",
The Voidspire,Vorasius,,1260052,Primordial Roar,Roar,,